{
  "id": "2759435",
  "name": "supermall",
  "font_family": "iconfont",
  "css_prefix_text": "icon-",
  "description": "",
  "glyphs": [
    {
      "icon_id": "3546",
      "name": "退货保障",
      "font_class": "tuihuobaozhang",
      "unicode": "e600",
      "unicode_decimal": 58880
    },
    {
      "icon_id": "3548",
      "name": "活动优先",
      "font_class": "huodongyouxian",
      "unicode": "e601",
      "unicode_decimal": 58881
    },
    {
      "icon_id": "3549",
      "name": "天猫派对",
      "font_class": "tianmaopaidui",
      "unicode": "e602",
      "unicode_decimal": 58882
    },
    {
      "icon_id": "3550",
      "name": "生日礼物",
      "font_class": "shengriliwu",
      "unicode": "e603",
      "unicode_decimal": 58883
    },
    {
      "icon_id": "3551",
      "name": "急速退款",
      "font_class": "jisutuikuan",
      "unicode": "e604",
      "unicode_decimal": 58884
    },
    {
      "icon_id": "3553",
      "name": "客服优先",
      "font_class": "kefuyouxian",
      "unicode": "e605",
      "unicode_decimal": 58885
    },
    {
      "icon_id": "3555",
      "name": "超值积分",
      "font_class": "chaozhijifen",
      "unicode": "e606",
      "unicode_decimal": 58886
    },
    {
      "icon_id": "3562",
      "name": "天猫好券",
      "font_class": "tianmaohaoquan",
      "unicode": "e607",
      "unicode_decimal": 58887
    },
    {
      "icon_id": "5013",
      "name": "列表",
      "font_class": "liebiao",
      "unicode": "e608",
      "unicode_decimal": 58888
    },
    {
      "icon_id": "5014",
      "name": "充值",
      "font_class": "chongzhi",
      "unicode": "e609",
      "unicode_decimal": 58889
    },
    {
      "icon_id": "5015",
      "name": "乐器",
      "font_class": "leqi",
      "unicode": "e60a",
      "unicode_decimal": 58890
    },
    {
      "icon_id": "5016",
      "name": "冰箱",
      "font_class": "bingxiang",
      "unicode": "e60b",
      "unicode_decimal": 58891
    },
    {
      "icon_id": "5017",
      "name": "咖啡",
      "font_class": "kafei",
      "unicode": "e60c",
      "unicode_decimal": 58892
    },
    {
      "icon_id": "5018",
      "name": "药品",
      "font_class": "yaopin",
      "unicode": "e60d",
      "unicode_decimal": 58893
    },
    {
      "icon_id": "5019",
      "name": "汉堡",
      "font_class": "hanbao",
      "unicode": "e60e",
      "unicode_decimal": 58894
    },
    {
      "icon_id": "5020",
      "name": "口红",
      "font_class": "kouhong",
      "unicode": "e60f",
      "unicode_decimal": 58895
    },
    {
      "icon_id": "5021",
      "name": "棒球",
      "font_class": "bangqiu",
      "unicode": "e610",
      "unicode_decimal": 58896
    },
    {
      "icon_id": "5022",
      "name": "T恤",
      "font_class": "Txu",
      "unicode": "e611",
      "unicode_decimal": 58897
    },
    {
      "icon_id": "5023",
      "name": "女包",
      "font_class": "nvbao",
      "unicode": "e612",
      "unicode_decimal": 58898
    },
    {
      "icon_id": "5024",
      "name": "沙发",
      "font_class": "shafa",
      "unicode": "e613",
      "unicode_decimal": 58899
    },
    {
      "icon_id": "5025",
      "name": "奶瓶",
      "font_class": "naiping",
      "unicode": "e614",
      "unicode_decimal": 58900
    },
    {
      "icon_id": "5026",
      "name": "图书",
      "font_class": "tushu",
      "unicode": "e615",
      "unicode_decimal": 58901
    },
    {
      "icon_id": "5027",
      "name": "手机",
      "font_class": "shouji",
      "unicode": "e616",
      "unicode_decimal": 58902
    },
    {
      "icon_id": "5028",
      "name": "喜爱",
      "font_class": "xiai",
      "unicode": "e617",
      "unicode_decimal": 58903
    },
    {
      "icon_id": "5029",
      "name": "列表",
      "font_class": "liebiao1",
      "unicode": "e618",
      "unicode_decimal": 58904
    },
    {
      "icon_id": "5030",
      "name": "购物车满",
      "font_class": "gouwucheman",
      "unicode": "e619",
      "unicode_decimal": 58905
    },
    {
      "icon_id": "5031",
      "name": "皇冠",
      "font_class": "huangguan",
      "unicode": "e61a",
      "unicode_decimal": 58906
    },
    {
      "icon_id": "5032",
      "name": "出租",
      "font_class": "chuzu",
      "unicode": "e61b",
      "unicode_decimal": 58907
    },
    {
      "icon_id": "5033",
      "name": "钻石",
      "font_class": "zuanshi",
      "unicode": "e61c",
      "unicode_decimal": 58908
    },
    {
      "icon_id": "5114",
      "name": "鞋\箱包",
      "font_class": "xiexiangbao",
      "unicode": "e61d",
      "unicode_decimal": 58909
    },
    {
      "icon_id": "5129",
      "name": "精选市场",
      "font_class": "jingxuanshichang",
      "unicode": "e61e",
      "unicode_decimal": 58910
    },
    {
      "icon_id": "5130",
      "name": "珠宝饰品",
      "font_class": "zhubaoshipin",
      "unicode": "e61f",
      "unicode_decimal": 58911
    },
    {
      "icon_id": "5131",
      "name": "家具建材",
      "font_class": "jiajujiancai",
      "unicode": "e620",
      "unicode_decimal": 58912
    },
    {
      "icon_id": "5132",
      "name": "家用电器",
      "font_class": "jiayongdianqi",
      "unicode": "e621",
      "unicode_decimal": 58913
    },
    {
      "icon_id": "5133",
      "name": "食品",
      "font_class": "shipin",
      "unicode": "e622",
      "unicode_decimal": 58914
    },
    {
      "icon_id": "5134",
      "name": "母婴玩具",
      "font_class": "muyingwanju",
      "unicode": "e623",
      "unicode_decimal": 58915
    },
    {
      "icon_id": "5135",
      "name": "数码手机",
      "font_class": "shumashouji",
      "unicode": "e624",
      "unicode_decimal": 58916
    },
    {
      "icon_id": "5136",
      "name": "鞋/包",
      "font_class": "xiebao",
      "unicode": "e625",
      "unicode_decimal": 58917
    },
    {
      "icon_id": "5137",
      "name": "女装内衣",
      "font_class": "nvzhuangneiyi",
      "unicode": "e626",
      "unicode_decimal": 58918
    },
    {
      "icon_id": "5138",
      "name": "户外运动",
      "font_class": "huwaiyundong",
      "unicode": "e627",
      "unicode_decimal": 58919
    },
    {
      "icon_id": "5142",
      "name": "化妆品",
      "font_class": "huazhuangpin",
      "unicode": "e628",
      "unicode_decimal": 58920
    },
    {
      "icon_id": "5143",
      "name": "汽车配件",
      "font_class": "qichepeijian",
      "unicode": "e629",
      "unicode_decimal": 58921
    },
    {
      "icon_id": "5144",
      "name": "家纺家饰",
      "font_class": "jiafangjiashi",
      "unicode": "e62a",
      "unicode_decimal": 58922
    },
    {
      "icon_id": "5145",
      "name": "居家",
      "font_class": "jujia",
      "unicode": "e62b",
      "unicode_decimal": 58923
    },
    {
      "icon_id": "5146",
      "name": "医药保健",
      "font_class": "yiyaobaojian",
      "unicode": "e62c",
      "unicode_decimal": 58924
    },
    {
      "icon_id": "5147",
      "name": "图书音像",
      "font_class": "tushuyinxiang",
      "unicode": "e62d",
      "unicode_decimal": 58925
    },
    {
      "icon_id": "5148",
      "name": "天猫形象1",
      "font_class": "tianmaoxingxiang1",
      "unicode": "e62e",
      "unicode_decimal": 58926
    },
    {
      "icon_id": "5149",
      "name": "天猫形象2",
      "font_class": "tianmaoxingxiang2",
      "unicode": "e62f",
      "unicode_decimal": 58927
    },
    {
      "icon_id": "5157",
      "name": "切换器右",
      "font_class": "qiehuanqiyou",
      "unicode": "e630",
      "unicode_decimal": 58928
    },
    {
      "icon_id": "5158",
      "name": "切换器左",
      "font_class": "qiehuanqizuo",
      "unicode": "e631",
      "unicode_decimal": 58929
    },
    {
      "icon_id": "5705",
      "name": "特色服务",
      "font_class": "tesefuwu",
      "unicode": "e632",
      "unicode_decimal": 58930
    },
    {
      "icon_id": "5706",
      "name": "七天无理由退换货",
      "font_class": "qitianwuliyoutuihuanhuo",
      "unicode": "e633",
      "unicode_decimal": 58931
    },
    {
      "icon_id": "5720",
      "name": "正品保障",
      "font_class": "zhengpinbaozhang",
      "unicode": "e634",
      "unicode_decimal": 58932
    },
    {
      "icon_id": "5721",
      "name": "帮助中心",
      "font_class": "bangzhuzhongxin",
      "unicode": "e635",
      "unicode_decimal": 58933
    },
    {
      "icon_id": "6048",
      "name": "输入",
      "font_class": "shuru",
      "unicode": "e636",
      "unicode_decimal": 58934
    },
    {
      "icon_id": "6049",
      "name": "切换器（上）",
      "font_class": "qiehuanqishang",
      "unicode": "e637",
      "unicode_decimal": 58935
    },
    {
      "icon_id": "6270",
      "name": "男装",
      "font_class": "nanzhuang",
      "unicode": "e638",
      "unicode_decimal": 58936
    },
    {
      "icon_id": "6271",
      "name": "鞋",
      "font_class": "xie",
      "unicode": "e639",
      "unicode_decimal": 58937
    },
    {
      "icon_id": "6272",
      "name": "家纺",
      "font_class": "jiafang",
      "unicode": "e63a",
      "unicode_decimal": 58938
    },
    {
      "icon_id": "6565",
      "name": "地区浮层弹出警告",
      "font_class": "diqufucengdanchujinggao",
      "unicode": "e63b",
      "unicode_decimal": 58939
    },
    {
      "icon_id": "6566",
      "name": "地区浮层进入梁饭团按钮",
      "font_class": "diqufucengjinruliangfantuananniu",
      "unicode": "e63c",
      "unicode_decimal": 58940
    },
    {
      "icon_id": "6567",
      "name": "地区下拉箭头",
      "font_class": "diquxialajiantou",
      "unicode": "e63d",
      "unicode_decimal": 58941
    },
    {
      "icon_id": "6568",
      "name": "电梯返回顶部",
      "font_class": "diantifanhuidingbu",
      "unicode": "e63e",
      "unicode_decimal": 58942
    },
    {
      "icon_id": "6569",
      "name": "电梯类目",
      "font_class": "diantileimu",
      "unicode": "e63f",
      "unicode_decimal": 58943
    },
    {
      "icon_id": "6570",
      "name": "电梯联系客服向右",
      "font_class": "diantilianxikefuxiangyou",
      "unicode": "e640",
      "unicode_decimal": 58944
    },
    {
      "icon_id": "6571",
      "name": "购物车",
      "font_class": "gouwuche",
      "unicode": "e641",
      "unicode_decimal": 58945
    },
    {
      "icon_id": "6572",
      "name": "回流区价格",
      "font_class": "huiliuqujiage",
      "unicode": "e642",
      "unicode_decimal": 58946
    },
    {
      "icon_id": "6573",
      "name": "回流区活动",
      "font_class": "huiliuquhuodong",
      "unicode": "e643",
      "unicode_decimal": 58947
    },
    {
      "icon_id": "6574",
      "name": "回流区日用百货",
      "font_class": "huiliuquriyongbaihuo",
      "unicode": "e644",
      "unicode_decimal": 58948
    },
    {
      "icon_id": "6575",
      "name": "回流区进口食品",
      "font_class": "huiliuqujinkoushipin",
      "unicode": "e645",
      "unicode_decimal": 58949
    },
    {
      "icon_id": "6577",
      "name": "回流区食品",
      "font_class": "huiliuqushipin",
      "unicode": "e646",
      "unicode_decimal": 58950
    },
    {
      "icon_id": "6579",
      "name": "箭头粗",
      "font_class": "jiantoucu",
      "unicode": "e647",
      "unicode_decimal": 58951
    },
    {
      "icon_id": "6581",
      "name": "箭头细",
      "font_class": "jiantouxi",
      "unicode": "e648",
      "unicode_decimal": 58952
    },
    {
      "icon_id": "6681",
      "name": "1站式购物",
      "font_class": "1zhanshigouwu",
      "unicode": "e649",
      "unicode_decimal": 58953
    },
    {
      "icon_id": "6682",
      "name": "充水电",
      "font_class": "chongshuidian",
      "unicode": "e64a",
      "unicode_decimal": 58954
    },
    {
      "icon_id": "6683",
      "name": "家居用品",
      "font_class": "jiajuyongpin",
      "unicode": "e64b",
      "unicode_decimal": 58955
    },
    {
      "icon_id": "6684",
      "name": "家庭清洁",
      "font_class": "jiatingqingji",
      "unicode": "e64c",
      "unicode_decimal": 58956
    },
    {
      "icon_id": "6685",
      "name": "进口商品",
      "font_class": "jinkoushangpin",
      "unicode": "e64d",
      "unicode_decimal": 58957
    },
    {
      "icon_id": "6686",
      "name": "粮油副食",
      "font_class": "liangyoufushi",
      "unicode": "e64e",
      "unicode_decimal": 58958
    },
    {
      "icon_id": "6688",
      "name": "美容洗护",
      "font_class": "meirongxihu",
      "unicode": "e64f",
      "unicode_decimal": 58959
    },
    {
      "icon_id": "6689",
      "name": "母婴产品",
      "font_class": "muyingchanpin",
      "unicode": "e650",
      "unicode_decimal": 58960
    },
    {
      "icon_id": "6690",
      "name": "生鲜水果",
      "font_class": "shengxianshuiguo",
      "unicode": "e651",
      "unicode_decimal": 58961
    },
    {
      "icon_id": "6691",
      "name": "食品饮料",
      "font_class": "shipinyinliao",
      "unicode": "e652",
      "unicode_decimal": 58962
    },
    {
      "icon_id": "6692",
      "name": "满88元包邮",
      "font_class": "man88yuanbaoyou",
      "unicode": "e653",
      "unicode_decimal": 58963
    },
    {
      "icon_id": "8468",
      "name": "我的资产",
      "font_class": "wodezichan",
      "unicode": "e654",
      "unicode_decimal": 58964
    },
    {
      "icon_id": "8469",
      "name": "看过",
      "font_class": "kanguo",
      "unicode": "e655",
      "unicode_decimal": 58965
    },
    {
      "icon_id": "8470",
      "name": "购物日历",
      "font_class": "gouwurili",
      "unicode": "e656",
      "unicode_decimal": 58966
    },
    {
      "icon_id": "8471",
      "name": "我关注的品牌",
      "font_class": "woguanzhudepinpai",
      "unicode": "e657",
      "unicode_decimal": 58967
    },
    {
      "icon_id": "8473",
      "name": "我",
      "font_class": "wo",
      "unicode": "e658",
      "unicode_decimal": 58968
    },
    {
      "icon_id": "8474",
      "name": "直播间",
      "font_class": "zhibojian",
      "unicode": "e659",
      "unicode_decimal": 58969
    },
    {
      "icon_id": "10178",
      "name": "天",
      "font_class": "tian",
      "unicode": "e65a",
      "unicode_decimal": 58970
    },
    {
      "icon_id": "10179",
      "name": "猫",
      "font_class": "mao",
      "unicode": "e65b",
      "unicode_decimal": 58971
    },
    {
      "icon_id": "10180",
      "name": "牌",
      "font_class": "pai",
      "unicode": "e65c",
      "unicode_decimal": 58972
    },
    {
      "icon_id": "10181",
      "name": "品",
      "font_class": "pin",
      "unicode": "e65d",
      "unicode_decimal": 58973
    },
    {
      "icon_id": "10183",
      "name": "我",
      "font_class": "wo1",
      "unicode": "e65e",
      "unicode_decimal": 58974
    },
    {
      "icon_id": "10184",
      "name": "的",
      "font_class": "de",
      "unicode": "e65f",
      "unicode_decimal": 58975
    },
    {
      "icon_id": "10185",
      "name": "主",
      "font_class": "zhu",
      "unicode": "e660",
      "unicode_decimal": 58976
    },
    {
      "icon_id": "10189",
      "name": "衣",
      "font_class": "yi",
      "unicode": "e661",
      "unicode_decimal": 58977
    },
    {
      "icon_id": "10190",
      "name": "内",
      "font_class": "nei",
      "unicode": "e662",
      "unicode_decimal": 58978
    },
    {
      "icon_id": "26722",
      "name": "已关注",
      "font_class": "yiguanzhu",
      "unicode": "e663",
      "unicode_decimal": 58979
    },
    {
      "icon_id": "26724",
      "name": "未关注",
      "font_class": "weiguanzhu",
      "unicode": "e664",
      "unicode_decimal": 58980
    },
    {
      "icon_id": "27508",
      "name": "喵鲜生",
      "font_class": "miaoxiansheng",
      "unicode": "e665",
      "unicode_decimal": 58981
    },
    {
      "icon_id": "27509",
      "name": "吃乐会",
      "font_class": "chilehui",
      "unicode": "e666",
      "unicode_decimal": 58982
    },
    {
      "icon_id": "31326",
      "name": "先试后买",
      "font_class": "xianshihoumai",
      "unicode": "e667",
      "unicode_decimal": 58983
    },
    {
      "icon_id": "37274",
      "name": "天猫提示-公告",
      "font_class": "gonggao",
      "unicode": "e668",
      "unicode_decimal": 58984
    },
    {
      "icon_id": "37282",
      "name": "天猫提示-警示",
      "font_class": "jingshi",
      "unicode": "e669",
      "unicode_decimal": 58985
    },
    {
      "icon_id": "37283",
      "name": "天猫提示-正确",
      "font_class": "zhengque",
      "unicode": "e66a",
      "unicode_decimal": 58986
    },
    {
      "icon_id": "46790",
      "name": "品牌专享",
      "font_class": "pinpaizhuanxiang",
      "unicode": "e66b",
      "unicode_decimal": 58987
    },
    {
      "icon_id": "46917",
      "name": "分期购",
      "font_class": "fenqigou",
      "unicode": "e66c",
      "unicode_decimal": 58988
    },
    {
      "icon_id": "49355",
      "name": "天猫购物车 ",
      "font_class": "gouwuche2",
      "unicode": "e66d",
      "unicode_decimal": 58989
    },
    {
      "icon_id": "201585",
      "name": "3.1足迹",
      "font_class": "31zuji",
      "unicode": "e66e",
      "unicode_decimal": 58990
    },
    {
      "icon_id": "201586",
      "name": "3.1优惠券",
      "font_class": "31hongbao",
      "unicode": "e66f",
      "unicode_decimal": 58991
    },
    {
      "icon_id": "201587",
      "name": "3.1类目",
      "font_class": "31leimu",
      "unicode": "e670",
      "unicode_decimal": 58992
    },
    {
      "icon_id": "201637",
      "name": "3.1 二维码",
      "font_class": "31erweima",
      "unicode": "e671",
      "unicode_decimal": 58993
    },
    {
      "icon_id": "201638",
      "name": "编辑",
      "font_class": "bianji",
      "unicode": "e672",
      "unicode_decimal": 58994
    },
    {
      "icon_id": "201639",
      "name": "3.1 返回",
      "font_class": "31fanhui",
      "unicode": "e673",
      "unicode_decimal": 58995
    },
    {
      "icon_id": "201640",
      "name": "3.1 会员",
      "font_class": "31huiyuan",
      "unicode": "e674",
      "unicode_decimal": 58996
    },
    {
      "icon_id": "201641",
      "name": "3.1 密码",
      "font_class": "31mima",
      "unicode": "e675",
      "unicode_decimal": 58997
    },
    {
      "icon_id": "201646",
      "name": "3.1 设置",
      "font_class": "31shezhi",
      "unicode": "e676",
      "unicode_decimal": 58998
    }
  ]
}
